step,reward,reward_format_reward_func,reward_step_reward_func,reward_anti_cheat_reward_func,reward_task_alignment_reward_func,reward_sequence_progress_reward_func,reward_progress_delta_reward_func,reward_communication_gate_reward_func,reward_terminal_outcome_reward_func,reward_diversity_reward_func
1,0.125,0.03750000149011612,-0.017499998211860657,0.11249999701976776,0.06874999403953552,0.03125,-0.13750001788139343,-0.012500000186264515,0.04250001162290573,0.0
2,-1.3600000143051147,-0.02500000223517418,-0.19374999403953552,0.02499999850988388,-0.16875000298023224,-0.03750000149011612,-0.36250001192092896,-0.26875001192092896,-0.32875001430511475,0.0
3,-0.2737500071525574,0.10000000149011612,0.003750000149011612,0.09999999403953552,-0.17499999701976776,-0.08749999850988388,-0.1625000238418579,-0.08749999850988388,0.034999996423721313,0.0
4,-1.1759999990463257,0.03750000149011612,-0.08374999463558197,0.05000000074505806,-0.15625,-0.13750000298023224,-0.32500001788139343,-0.14374999701976776,-0.41725000739097595,0.0
5,0.3607500195503235,0.03750000149011612,-0.03375000134110451,0.11249999701976776,-0.11874999850988388,-0.08124999701976776,0.23749998211860657,-0.03750000149011612,0.24449999630451202,0.0
6,-1.2079999446868896,0.10000000149011612,-0.03999999910593033,-0.08750000596046448,-0.10625000298023224,-0.18125000596046448,-0.25,-0.32499998807907104,-0.3179999887943268,0.0
7,-1.508500099182129,-0.02500000223517418,-0.13499999046325684,-0.21250000596046448,-0.09375,-0.16875000298023224,-0.22500000894069672,-0.1875,-0.4609999656677246,0.0
8,-0.040499985218048096,-0.02500000223517418,-0.08625000715255737,0.02499999850988388,0.056249991059303284,-0.07500000298023224,0.07499998807907104,-0.16875001788139343,0.15825001895427704,0.0
9,-0.5997499823570251,0.03750000149011612,-0.13124999403953552,0.11249999701976776,-0.23124998807907104,-0.08124999701976776,-0.07500001043081284,-0.03125,-0.19974997639656067,0.0
10,-0.5659999847412109,-0.02500000223517418,-0.0637499988079071,0.02499999850988388,-0.18125000596046448,-0.07500000298023224,-0.17500001192092896,-0.16875000298023224,0.09775002300739288,0.0
11,0.4012500047683716,0.10000000149011612,-0.011249998584389687,0.20000000298023224,-0.20000000298023224,-0.05000000074505806,0.14999999105930328,0.0,0.21250000596046448,0.0
12,-0.7587499618530273,0.10000000149011612,0.0037499982863664627,-0.10000000149011612,-0.19999998807907104,-0.08749999850988388,-0.23750001192092896,-0.10000000149011612,-0.13749998807907104,0.0
13,-0.6092500686645508,-0.02500000223517418,-0.10750000178813934,0.02499999850988388,-0.0937500074505806,0.0,-0.23750001192092896,-0.05625000223517418,-0.11425000429153442,0.0
14,-0.4494999647140503,0.10000000149011612,0.02875000238418579,-0.08750000596046448,-0.04999999701976776,-0.21875,-0.012500017881393433,-0.22499999403953552,0.015500009059906006,0.0
15,0.034999996423721313,0.10000000149011612,0.04500000178813934,0.20000000298023224,-0.14374999701976776,-0.012500000186264515,-0.1625000238418579,0.01875000074505806,-0.009999997913837433,0.0
16,-0.8527500033378601,-0.08750000596046448,-0.13500000536441803,-0.0625,-0.012500004842877388,0.00624999962747097,-0.3375000059604645,-0.08750000596046448,-0.13650000095367432,0.0
17,-1.2502501010894775,-0.02500000223517418,-0.18250000476837158,0.02499999850988388,-0.16875000298023224,-0.03750000149011612,-0.36250001192092896,-0.16249999403953552,-0.33649998903274536,0.0
18,0.6334999799728394,0.10000000149011612,0.125,0.20000000298023224,-0.125,-0.125,0.02499997615814209,0.012500000186264515,0.4209999740123749,0.0
19,-0.0767500251531601,0.10000000149011612,-0.01250000111758709,0.20000000298023224,-0.20000000298023224,-0.012500000186264515,-0.10000001639127731,-0.09375,0.04200000688433647,0.0
20,0.35774993896484375,-0.02500000223517418,-0.011249998584389687,0.02499999850988388,-0.01875000074505806,-0.07499999552965164,0.13749998807907104,-0.06875000149011612,0.39399999380111694,0.0
21,-0.6714999675750732,-0.02500000223517418,-0.10625000298023224,-0.08749999850988388,-0.11875000596046448,-0.03750000149011612,-0.2250000238418579,-0.03750000149011612,-0.03399999439716339,0.0
22,-0.010250076651573181,0.03750000149011612,-0.03374999761581421,0.11249999701976776,-0.08124999701976776,-0.04374999925494194,-0.012500017881393433,-0.13124999403953552,0.14225000143051147,0.0
23,-0.0024999380111694336,0.03750000149011612,-0.04625000059604645,0.11249999701976776,0.01249999925494194,-0.04374999925494194,-0.07500001788139343,-0.01875000074505806,0.018750011920928955,0.0
24,-0.3569999933242798,0.10000000149011612,0.061250001192092896,-0.13750000298023224,-0.05000000447034836,0.02500000037252903,-0.3125,0.03125,-0.07450000196695328,0.0
25,1.0072499513626099,0.03750000149011612,0.023749999701976776,0.11249999701976776,-0.0062499940395355225,-0.04374999925494194,0.36249998211860657,-0.03750000149011612,0.5584999322891235,0.0
26,-0.36149999499320984,0.10000000149011612,-0.09999999403953552,0.20000000298023224,-0.23750001192092896,-0.08749999850988388,-0.037500008940696716,0.0062500000931322575,-0.20524999499320984,0.0
27,-1.2025001049041748,-0.02500000223517418,-0.19249999523162842,0.02499999850988388,-0.3374999761581421,-0.03750000149011612,-0.23750001192092896,-0.06875000149011612,-0.32874998450279236,0.0
28,-0.7757499814033508,0.03750000149011612,-0.07625000178813934,0.11249999701976776,-0.15625,-0.04375000298023224,-0.38750001788139343,-0.012500000186264515,-0.24950000643730164,0.0
29,0.35050004720687866,0.03750000149011612,-0.002499999478459358,0.11249999701976776,0.10625000298023224,-0.00624999962747097,0.04999998211860657,-0.23125001788139343,0.2842499911785126,0.0
30,0.9752500057220459,0.10000000149011612,0.10000000149011612,0.20000000298023224,-0.0312499962747097,-0.08749999850988388,0.2124999761581421,0.0062500000931322575,0.4752500057220459,0.0
1,0.125,0.03750000149011612,-0.017499998211860657,0.11249999701976776,0.06874999403953552,0.03125,-0.13750001788139343,-0.012500000186264515,0.04250001162290573,0.0
2,-1.3600000143051147,-0.02500000223517418,-0.19374999403953552,0.02499999850988388,-0.16875000298023224,-0.03750000149011612,-0.36250001192092896,-0.26875001192092896,-0.32875001430511475,0.0
3,-0.2737500071525574,0.10000000149011612,0.003750000149011612,0.09999999403953552,-0.17499999701976776,-0.08749999850988388,-0.1625000238418579,-0.08749999850988388,0.034999996423721313,0.0
4,-1.1759999990463257,0.03750000149011612,-0.08374999463558197,0.05000000074505806,-0.15625,-0.13750000298023224,-0.32500001788139343,-0.14374999701976776,-0.41725000739097595,0.0
5,0.3607500195503235,0.03750000149011612,-0.03375000134110451,0.11249999701976776,-0.11874999850988388,-0.08124999701976776,0.23749998211860657,-0.03750000149011612,0.24449999630451202,0.0
6,-1.2079999446868896,0.10000000149011612,-0.03999999910593033,-0.08750000596046448,-0.10625000298023224,-0.18125000596046448,-0.25,-0.32499998807907104,-0.3179999887943268,0.0
7,-1.508500099182129,-0.02500000223517418,-0.13499999046325684,-0.21250000596046448,-0.09375,-0.16875000298023224,-0.22500000894069672,-0.1875,-0.4609999656677246,0.0
8,-0.040499985218048096,-0.02500000223517418,-0.08625000715255737,0.02499999850988388,0.056249991059303284,-0.07500000298023224,0.07499998807907104,-0.16875001788139343,0.15825001895427704,0.0
9,-0.5997499823570251,0.03750000149011612,-0.13124999403953552,0.11249999701976776,-0.23124998807907104,-0.08124999701976776,-0.07500001043081284,-0.03125,-0.19974997639656067,0.0
10,-0.5659999847412109,-0.02500000223517418,-0.0637499988079071,0.02499999850988388,-0.18125000596046448,-0.07500000298023224,-0.17500001192092896,-0.16875000298023224,0.09775002300739288,0.0
11,0.4012500047683716,0.10000000149011612,-0.011249998584389687,0.20000000298023224,-0.20000000298023224,-0.05000000074505806,0.14999999105930328,0.0,0.21250000596046448,0.0
12,-1.0820000171661377,0.03750000149011612,-0.05250000208616257,-0.1875,-0.19374999403953552,-0.08125000447034836,-0.2750000059604645,-0.13750000298023224,-0.19200000166893005,0.0
13,0.21874992549419403,0.10000000149011612,0.02875000424683094,0.20000000298023224,0.0625,-0.05000000074505806,-0.10000002384185791,-0.1875,0.16500000655651093,0.0
14,0.530750036239624,0.03750000149011612,0.004999998956918716,0.11249999701976776,-0.02499999850988388,-0.08124999701976776,0.17499998211860657,-0.13750000298023224,0.4444999694824219,0.0
15,0.034999996423721313,0.10000000149011612,0.04500000178813934,0.20000000298023224,-0.14374999701976776,-0.012500000186264515,-0.1625000238418579,0.01875000074505806,-0.009999997913837433,0.0
16,-0.8527500033378601,-0.08750000596046448,-0.13500000536441803,-0.0625,-0.012500004842877388,0.00624999962747097,-0.3375000059604645,-0.08750000596046448,-0.13650000095367432,0.0
17,-1.2502501010894775,-0.02500000223517418,-0.18250000476837158,0.02499999850988388,-0.16875000298023224,-0.03750000149011612,-0.36250001192092896,-0.16249999403953552,-0.33649998903274536,0.0
18,0.6334999799728394,0.10000000149011612,0.125,0.20000000298023224,-0.125,-0.125,0.02499997615814209,0.012500000186264515,0.4209999740123749,0.0
19,0.3267499506473541,0.10000000149011612,-0.01250000111758709,0.20000000298023224,-0.18125000596046448,0.02500000037252903,0.08749998360872269,-0.10000000149011612,0.20800000429153442,0.0
20,-0.2780000567436218,0.10000000149011612,0.023749997839331627,0.05000000074505806,-0.23750001192092896,-0.08749999850988388,-0.13750001788139343,0.0062500000931322575,0.004500001668930054,0.0
21,-0.43650001287460327,0.10000000149011612,-0.0012500016018748283,0.05000000074505806,-0.18125000596046448,-0.012500000186264515,-0.20000001788139343,0.012500000186264515,-0.20399999618530273,0.0
22,0.419749915599823,0.03750000149011612,-0.008749999105930328,0.11249999701976776,0.0312500037252903,-0.0062499986961483955,0.11249998211860657,-0.13124999403953552,0.2722499966621399,0.0
23,1.133250117301941,0.10000000149011612,0.0949999988079071,0.20000000298023224,0.19374999403953552,-0.125,0.2124999761581421,0.01875000074505806,0.43825003504753113,0.0
24,-0.3569999933242798,0.10000000149011612,0.061250001192092896,-0.13750000298023224,-0.05000000447034836,0.02500000037252903,-0.3125,0.03125,-0.07450000196695328,0.0
25,1.7732499837875366,0.10000000149011612,0.11249999701976776,0.20000000298023224,0.08124999701976776,-0.012499998323619366,0.5249999761581421,0.0,0.7669999599456787,0.0
26,0.014999985694885254,0.10000000149011612,-0.06499999761581421,0.13750000298023224,0.04375000298023224,-0.10625000298023224,0.2124999761581421,-0.11874999850988388,-0.1887499988079071,0.0
27,0.013999991118907928,0.03750000149011612,-0.04000000283122063,0.11249999701976776,-0.08124999701976776,0.03125,-0.012500016018748283,-0.13124999403953552,0.09775000065565109,0.0
28,-0.5197499990463257,0.10000000149011612,-0.021250002086162567,0.20000000298023224,-0.25,-0.05000000074505806,-0.2875000238418579,-0.08749999850988388,-0.12349999696016312,0.0
29,0.00625002384185791,0.10000000149011612,-0.03624999523162842,0.09999999403953552,-0.08750000596046448,0.02500000037252903,0.024999983608722687,-0.20000000298023224,0.07999998331069946,0.0
30,-0.04499998688697815,0.10000000149011612,0.03374999761581421,0.20000000298023224,-0.15625,-0.08749999850988388,-0.1625000238418579,-0.08749999850988388,0.11500000953674316,0.0
31,-1.255750060081482,-0.02500000223517418,-0.12250000238418579,-0.125,-0.3687500059604645,-0.03750000149011612,-0.2750000059604645,-0.07500000298023224,-0.22699999809265137,0.0
32,0.5089998841285706,-0.02500000223517418,-0.06499999761581421,0.02499999850988388,0.07500000298023224,0.03750000149011612,0.26249998807907104,-0.06875000149011612,0.2677500247955322,0.0
33,-0.0484999418258667,0.10000000149011612,0.007500000298023224,0.13750000298023224,-0.18125000596046448,-0.06875000894069672,0.09999998658895493,-0.125,-0.018499985337257385,0.0
34,-0.39125001430511475,0.03750000149011612,-0.03125,0.0,-0.34375,-0.00624999962747097,-0.0625000074505806,-0.03750000149011612,0.05249999463558197,0.0
35,1.0364999771118164,0.10000000149011612,0.04625000059604645,0.08750000596046448,0.006250008940696716,0.02500000223517418,0.34999996423721313,0.0,0.42149999737739563,0.0
36,0.5672500133514404,0.10000000149011612,-0.01250000111758709,0.09999999403953552,-0.14374999701976776,0.0625,0.2749999761581421,0.0,0.18599998950958252,0.0
37,0.5214999914169312,0.10000000149011612,0.07000000774860382,0.20000000298023224,-0.16249999403953552,-0.125,0.08749999105930328,0.0062500000931322575,0.3452500104904175,0.0
38,1.2260000705718994,0.10000000149011612,0.09000000357627869,0.20000000298023224,0.02500000223517418,0.02500000223517418,0.3374999761581421,-0.10000000149011612,0.5485000014305115,0.0
39,1.46274995803833,0.10000000149011612,0.07250000536441803,0.20000000298023224,0.08125000447034836,-0.08749999850988388,0.5249999761581421,0.0,0.5715000033378601,0.0
40,0.8809999227523804,-0.02500000223517418,-0.02374999225139618,0.02499999850988388,0.07500000298023224,0.11249999701976776,0.26249998807907104,-0.05625000223517418,0.5110000371932983,0.0
41,2.496500015258789,0.10000000149011612,0.10750000178813934,0.20000000298023224,0.2875000238418579,0.21250000596046448,0.7749999761581421,0.0,0.8140000104904175,0.0
42,2.1347498893737793,0.10000000149011612,0.10375000536441803,0.20000000298023224,0.2875000238418579,-0.08749999105930328,0.7749999761581421,0.0,0.7560000419616699,0.0
43,1.08774995803833,0.10000000149011612,0.036249998956918716,0.20000000298023224,-0.04999999701976776,0.02499999850988388,0.3999999761581421,0.0,0.3765000104904175,0.0
44,1.6734999418258667,0.03750000149011612,0.015000004321336746,0.11249999701976776,0.21875,0.18125000596046448,0.6124999523162842,-0.03750000149011612,0.5334999561309814,0.0
45,1.810499906539917,0.03750000149011612,0.0637500137090683,0.11249999701976776,0.20000000298023224,0.03125,0.6124999523162842,-0.03750000149011612,0.7905000448226929,0.0
46,-0.18775004148483276,0.03750000149011612,-0.061250004917383194,0.0,-0.15625,0.03125,-9.313225746154785e-09,-0.13750000298023224,0.09849999099969864,0.0
47,1.871000051498413,0.10000000149011612,0.05874999985098839,0.20000000298023224,0.19375000894069672,0.09999999403953552,0.6499999761581421,0.0,0.5685000419616699,0.0
48,1.4984999895095825,0.10000000149011612,0.030000001192092896,0.20000000298023224,0.10000000894069672,0.13750000298023224,0.5249999761581421,0.0,0.4059999883174896,0.0
49,-1.1057499647140503,0.10000000149011612,-0.04500000178813934,-0.25,-0.3187500238418579,0.10000000149011612,-0.30000001192092896,0.0,-0.3920000195503235,0.0
50,2.4839999675750732,0.10000000149011612,0.10000000149011612,0.20000000298023224,0.4000000059604645,0.25,0.8999999761581421,0.0,0.7839999794960022,-0.25
51,0.5164999961853027,0.10000000149011612,0.054999999701976776,0.20000000298023224,-0.2750000059604645,-0.05000000074505806,0.14999999105930328,0.0,0.33650001883506775,0.0
52,0.8317500352859497,0.10000000149011612,-0.0625,0.20000000298023224,0.006250005215406418,0.10000000149011612,0.3999999761581421,0.0,0.08800001442432404,0.0
53,1.1104999780654907,0.03750000149011612,-0.03125,0.11249999701976776,0.125,0.06875000149011612,0.48749998211860657,-0.03750000149011612,0.3479999899864197,0.0
54,2.5220000743865967,0.10000000149011612,0.08500000089406967,0.20000000298023224,0.4000000059604645,0.10000000149011612,0.8999999761581421,0.0,0.7369999885559082,0.0
55,1.8954999446868896,0.10000000149011612,0.07125000655651093,0.20000000298023224,0.19374999403953552,0.10000000149011612,0.6499999761581421,0.0,0.5805000066757202,0.0
56,2.2304999828338623,0.10000000149011612,0.057500001043081284,0.20000000298023224,0.2875000238418579,0.21250000596046448,0.7749999761581421,0.0,0.5980000495910645,0.0
57,1.0842499732971191,0.03750000149011612,-0.059999994933605194,0.11249999701976776,0.125,0.14374999701976776,0.48749998211860657,-0.03750000149011612,0.27549999952316284,0.0
58,1.7642500400543213,0.10000000149011612,0.017500000074505806,0.20000000298023224,0.19375000894069672,0.17499999701976776,0.6499999761581421,0.0,0.4280000329017639,0.0
59,0.3434999883174896,0.03750000149011612,-0.057499997317790985,0.11249999701976776,-0.11875000596046448,-0.006250001490116119,0.23749998211860657,-0.03750000149011612,0.17599999904632568,0.0
60,2.0144999027252197,0.10000000149011612,0.07249999791383743,0.20000000298023224,0.26875001192092896,0.17499999701976776,0.5874999761581421,0.01875000074505806,0.5920000076293945,0.0
61,2.665750026702881,0.10000000149011612,0.11124999821186066,0.20000000298023224,0.4000000059604645,0.02500000223517418,0.8999999761581421,0.0,0.9295000433921814,0.0
62,-0.9605000019073486,0.03750000149011612,-0.08874999731779099,0.0,-0.4749999940395355,-0.04375000298023224,-0.1875,-0.03750000149011612,-0.16550001502037048,0.0
63,2.328000068664551,0.10000000149011612,0.09749999642372131,0.20000000298023224,0.2875000238418579,0.13750000298023224,0.7749999761581421,0.0,0.7304999828338623,0.0
64,-1.0015000104904175,-0.02500000223517418,-0.11999998986721039,-0.125,-0.3374999761581421,0.0,-0.15000000596046448,-0.07500000298023224,-0.16899999976158142,0.0
65,2.2304999828338623,0.10000000149011612,0.057500001043081284,0.20000000298023224,0.2875000238418579,0.21250000596046448,0.7749999761581421,0.0,0.5980000495910645,0.0
66,-0.5487500429153442,-0.02500000223517418,-0.10999999940395355,0.02499999850988388,-0.3187499940395355,0.0,-0.05000000447034836,-0.07500000298023224,0.004999995231628418,0.0
67,1.7204999923706055,0.10000000149011612,0.07000000029802322,0.08750000596046448,0.17500001192092896,0.17499999701976776,0.5999999642372131,0.0,0.5130000114440918,0.0
68,-0.8232499361038208,0.10000000149011612,-0.022499999031424522,-0.02499999850988388,-0.4437500238418579,-0.05000000074505806,-0.20000000298023224,0.0,-0.18200001120567322,0.0
69,0.5987500548362732,-0.02500000223517418,-0.08124999701976776,-0.05000000447034836,0.11249999701976776,0.07500000298023224,0.3999999761581421,-0.07500000298023224,0.24250002205371857,0.0
70,1.1867499351501465,0.10000000149011612,0.06874999403953552,0.125,0.05624999850988388,0.13750000298023224,0.28749996423721313,0.01875000074505806,0.3930000066757202,0.0
71,1.312999963760376,0.10000000149011612,0.07500000298023224,0.20000000298023224,-0.04999999701976776,0.10000000149011612,0.3999999761581421,0.0,0.4880000054836273,0.0
72,-0.7230000495910645,0.03750000149011612,-0.08874999731779099,0.11249999701976776,-0.4749999940395355,-0.04375000298023224,-0.13750000298023224,-0.03750000149011612,-0.09050000458955765,0.0
73,2.3580000400543213,0.10000000149011612,0.07000000029802322,0.20000000298023224,0.4000000059604645,0.25,0.8999999761581421,0.0,0.6880000233650208,-0.25
74,1.2119998931884766,-0.02500000223517418,-0.06750000268220901,0.02499999850988388,0.22499999403953552,0.1875,0.574999988079071,-0.07500000298023224,0.367000013589859,0.0
75,0.13625001907348633,0.03750000149011612,-0.04999999701976776,-0.03750000149011612,-0.07500000298023224,0.14374999701976776,0.13749998807907104,-0.03750000149011612,0.017499998211860657,0.0
76,0.8980000615119934,0.10000000149011612,0.04749999940395355,0.20000000298023224,-0.16249999403953552,-0.01249999925494194,0.2749999761581421,0.0,0.4504999816417694,0.0
77,2.4839999675750732,0.10000000149011612,0.10000000149011612,0.20000000298023224,0.4000000059604645,0.25,0.8999999761581421,0.0,0.7839999794960022,-0.25
78,0.4742499589920044,0.10000000149011612,0.027499999850988388,0.20000000298023224,-0.2562500238418579,0.02500000037252903,0.14999999105930328,0.0,0.2280000001192093,0.0
79,-1.9700000286102295,0.10000000149011612,-0.019999999552965164,-0.699999988079071,-0.25,0.25,-0.5,0.0,-0.6000000238418579,-0.25
80,2.032249927520752,0.03750000149011612,0.027499999850988388,0.11249999701976776,0.3125,0.21875,0.7374999523162842,-0.03750000149011612,0.6234999895095825,0.0
81,2.8324999809265137,0.10000000149011612,0.10250000655651093,0.20000000298023224,0.4000000059604645,0.25,0.8999999761581421,0.0,0.8799999952316284,0.0
82,2.3580000400543213,0.10000000149011612,0.07000000029802322,0.20000000298023224,0.4000000059604645,0.25,0.8999999761581421,0.0,0.6880000233650208,-0.25
83,1.9579999446868896,0.10000000149011612,0.07000000029802322,0.20000000298023224,0.17500001192092896,0.17499999701976776,0.6499999761581421,0.0,0.5879999995231628,0.0
84,1.8364999294281006,0.10000000149011612,0.09749999642372131,0.20000000298023224,0.0625000074505806,0.13750000298023224,0.5249999761581421,0.0,0.7139999866485596,0.0
85,1.6365000009536743,0.03750000149011612,0.008750000968575478,0.11249999701976776,0.20000000298023224,0.18125000596046448,0.6124999523162842,-0.03750000149011612,0.5214999914169312,0.0
86,2.3580000400543213,0.10000000149011612,0.07000000029802322,0.20000000298023224,0.4000000059604645,0.25,0.8999999761581421,0.0,0.6880000233650208,-0.25
87,2.3580000400543213,0.10000000149011612,0.07000000029802322,0.20000000298023224,0.4000000059604645,0.25,0.8999999761581421,0.0,0.6880000233650208,-0.25
88,0.9822499752044678,0.10000000149011612,0.042500000447034836,0.20000000298023224,-0.14375001192092896,0.0625,0.2749999761581421,0.0,0.44599997997283936,0.0
89,0.6542499661445618,0.10000000149011612,0.04749999940395355,0.20000000298023224,-0.2562500238418579,0.02500000037252903,0.14999999105930328,0.0,0.3880000114440918,0.0
90,2.032249927520752,0.03750000149011612,0.027500001713633537,0.11249999701976776,0.3125,0.21875,0.7374999523162842,-0.03750000149011612,0.6234999895095825,0.0
91,2.2769999504089355,0.10000000149011612,0.061250001192092896,0.20000000298023224,0.3062500059604645,0.21250000596046448,0.7749999761581421,0.0,0.621999979019165,0.0
92,1.5397499799728394,0.03750000149011612,0.06499999761581421,0.11249999701976776,0.08750000596046448,0.14374999701976776,0.48749998211860657,-0.03750000149011612,0.6434999704360962,0.0
93,2.4839999675750732,0.10000000149011612,0.10000000149011612,0.20000000298023224,0.4000000059604645,0.25,0.8999999761581421,0.0,0.7839999794960022,-0.25
94,1.7292499542236328,0.10000000149011612,0.125,0.012500002980232239,0.20625001192092896,0.13750000298023224,0.5499999523162842,0.0,0.5979999899864197,0.0
95,1.3747498989105225,0.03750000149011612,0.02124999463558197,0.11249999701976776,0.10625000298023224,0.14374999701976776,0.48749998211860657,-0.03750000149011612,0.5034999847412109,0.0
96,2.4839999675750732,0.10000000149011612,0.10000000149011612,0.20000000298023224,0.4000000059604645,0.25,0.8999999761581421,0.0,0.7839999794960022,-0.25
97,-0.35749998688697815,0.10000000149011612,-0.04500000178813934,0.20000000298023224,-0.4625000059604645,-0.05000000074505806,-0.10000000149011612,0.0,0.0,0.0
98,0.8804999589920044,0.10000000149011612,0.04750000312924385,0.20000000298023224,-0.16249999403953552,0.0625,0.2749999761581421,0.0,0.3580000102519989,0.0
99,1.8420000076293945,0.10000000149011612,0.05000000074505806,0.20000000298023224,0.17500001192092896,0.17499999701976776,0.6499999761581421,0.0,0.492000013589859,0.0
100,2.4839999675750732,0.10000000149011612,0.10000000149011612,0.20000000298023224,0.4000000059604645,0.25,0.8999999761581421,0.0,0.7839999794960022,-0.25
101,1.0867499113082886,0.10000000149011612,0.07499999552965164,0.20000000298023224,-0.14374999701976776,0.0625,0.2749999761581421,0.0,0.5180000066757202,0.0
102,2.5980000495910645,0.10000000149011612,0.14500001072883606,0.20000000298023224,0.2875000238418579,0.21250000596046448,0.7749999761581421,0.0,0.878000020980835,0.0
103,2.3999998569488525,0.10000000149011612,0.07999999821186066,0.20000000298023224,0.4000000059604645,0.25,0.8999999761581421,0.0,0.7200000286102295,-0.25
104,2.4839999675750732,0.10000000149011612,0.10000000149011612,0.20000000298023224,0.4000000059604645,0.25,0.8999999761581421,0.0,0.7839999794960022,-0.25
105,2.4539999961853027,0.10000000149011612,0.07000000029802322,0.20000000298023224,0.4000000059604645,0.25,0.8999999761581421,0.0,0.7839999794960022,-0.25
106,-1.9700000286102295,0.10000000149011612,-0.019999999552965164,-0.699999988079071,-0.25,0.25,-0.5,0.0,-0.6000000238418579,-0.25
107,2.5809998512268066,0.10000000149011612,0.07500000298023224,0.20000000298023224,0.4000000059604645,0.25,0.8999999761581421,0.0,0.656000018119812,0.0
108,2.369999885559082,0.10000000149011612,0.05000000074505806,0.20000000298023224,0.4000000059604645,0.25,0.8999999761581421,0.0,0.7200000286102295,-0.25
109,2.873999834060669,0.10000000149011612,0.17000000178813934,0.20000000298023224,0.4000000059604645,0.25,0.8999999761581421,0.0,1.1039999723434448,-0.25
110,-1.0075000524520874,0.10000000149011612,0.01875000074505806,-0.5874999761581421,-0.16875000298023224,0.25,-0.32499998807907104,0.0,-0.29500001668930054,0.0
111,0.8854999542236328,0.10000000149011612,0.05249999836087227,0.20000000298023224,-0.16249999403953552,0.0625,0.2749999761581421,0.0,0.3580000102519989,0.0
112,2.5834999084472656,0.10000000149011612,0.07750000059604645,0.20000000298023224,0.4000000059604645,0.25,0.8999999761581421,0.0,0.656000018119812,0.0
113,2.4839999675750732,0.10000000149011612,0.10000000149011612,0.20000000298023224,0.4000000059604645,0.25,0.8999999761581421,0.0,0.7839999794960022,-0.25
114,1.2119998931884766,-0.02500000223517418,-0.06750000268220901,0.02499999850988388,0.22499999403953552,0.1875,0.574999988079071,-0.07500000298023224,0.367000013589859,0.0
115,1.897749900817871,0.03750000149011612,0.004999998956918716,0.11249999701976776,0.3125,0.21875,0.7374999523162842,-0.03750000149011612,0.5115000009536743,0.0
116,1.0069999694824219,0.03750000149011612,0.02124999836087227,0.11249999701976776,-0.024999991059303284,0.10625000298023224,0.36249998211860657,-0.03750000149011612,0.429500013589859,0.0
117,2.1162500381469727,0.03750000149011612,0.027500001713633537,0.11249999701976776,0.3125,0.21875,0.7374999523162842,-0.03750000149011612,0.7074999809265137,0.0
118,2.6419999599456787,0.10000000149011612,0.12999999523162842,0.20000000298023224,0.4000000059604645,0.25,0.8999999761581421,0.0,0.9120000004768372,-0.25
119,2.182999849319458,0.10000000149011612,0.13499999046325684,0.20000000298023224,0.17500001192092896,0.17499999701976776,0.6499999761581421,0.0,0.7480000257492065,0.0
120,2.340749979019165,0.10000000149011612,0.08375000208616257,0.20000000298023224,0.2875000238418579,0.21250000596046448,0.7749999761581421,0.0,0.6819999814033508,0.0
121,2.7065000534057617,0.10000000149011612,0.07250000536441803,0.20000000298023224,0.4000000059604645,0.25,0.8999999761581421,0.0,0.7839999794960022,0.0
122,1.96875,0.10000000149011612,0.07000000774860382,0.20000000298023224,0.19375000894069672,0.17499999701976776,0.6499999761581421,0.0,0.5799999833106995,0.0
123,-1.9700000286102295,0.10000000149011612,-0.019999999552965164,-0.699999988079071,-0.25,0.25,-0.5,0.0,-0.6000000238418579,-0.25
124,2.8324999809265137,0.10000000149011612,0.10250000655651093,0.20000000298023224,0.4000000059604645,0.25,0.8999999761581421,0.0,0.8799999952316284,0.0
125,2.94599986076355,0.10000000149011612,0.20999999344348907,0.20000000298023224,0.4000000059604645,0.25,0.8999999761581421,0.0,1.1360000371932983,-0.25
126,2.8399999141693115,0.10000000149011612,0.20000000298023224,0.20000000298023224,0.4000000059604645,0.25,0.8999999761581421,0.0,1.0399999618530273,-0.25
127,1.8932498693466187,0.03750000149011612,0.07874999940395355,0.11249999701976776,0.21875,0.18125000596046448,0.6124999523162842,-0.03750000149011612,0.6895000338554382,0.0
128,1.6182498931884766,0.03750000149011612,0.06874999403953552,0.11249999701976776,0.10624999552965164,0.14374999701976776,0.48749998211860657,-0.03750000149011612,0.6994999647140503,0.0
129,1.745499849319458,0.10000000149011612,0.10249999910593033,0.20000000298023224,0.0625000074505806,0.13750000298023224,0.5249999761581421,0.0,0.6180000305175781,0.0
130,1.65024995803833,0.03750000149011612,0.007499996572732925,0.11249999701976776,0.3125,0.21875,0.7374999523162842,-0.03750000149011612,0.5115000009536743,-0.25
131,2.797999858856201,0.10000000149011612,0.1899999976158142,0.20000000298023224,0.4000000059604645,0.25,0.8999999761581421,0.0,1.0080000162124634,-0.25
132,1.722499966621399,0.10000000149011612,0.07499999552965164,0.08750000596046448,0.22499999403953552,0.13750000298023224,0.5999999642372131,0.0,0.4975000023841858,0.0
133,1.9697500467300415,0.03750000149011612,0.09000000357627869,0.11249999701976776,0.20000000298023224,0.18125000596046448,0.6124999523162842,-0.03750000149011612,0.7734999656677246,0.0
134,1.7797499895095825,0.03750000149011612,0.02500000037252903,0.11249999701976776,0.3125,0.21875,0.7374999523162842,-0.03750000149011612,0.6234999895095825,-0.25
135,2.3697500228881836,0.10000000149011612,0.09000000357627869,0.20000000298023224,0.3062500059604645,0.21250000596046448,0.7749999761581421,0.0,0.6859999895095825,0.0
136,2.6949996948242188,0.10000000149011612,0.19374999403953552,0.20000000298023224,0.3062500059604645,0.13750000298023224,0.7749999761581421,0.0,0.9825000166893005,0.0
137,2.3580000400543213,0.10000000149011612,0.07000000029802322,0.20000000298023224,0.4000000059604645,0.25,0.8999999761581421,0.0,0.6880000233650208,-0.25
138,2.1077499389648438,0.10000000149011612,0.1262499988079071,0.20000000298023224,0.17500001192092896,0.10000000149011612,0.6499999761581421,0.0,0.7565000057220459,0.0
139,2.4839999675750732,0.10000000149011612,0.10000000149011612,0.20000000298023224,0.4000000059604645,0.25,0.8999999761581421,0.0,0.7839999794960022,-0.25
140,2.809999704360962,0.10000000149011612,0.17000000178813934,0.20000000298023224,0.4000000059604645,0.25,0.8999999761581421,0.0,1.0399999618530273,-0.25
141,2.5480000972747803,0.10000000149011612,0.10000000149011612,0.20000000298023224,0.4000000059604645,0.25,0.8999999761581421,0.0,0.8479999899864197,-0.25
142,2.3580000400543213,0.10000000149011612,0.07000000029802322,0.20000000298023224,0.4000000059604645,0.25,0.8999999761581421,0.0,0.6880000233650208,-0.25
143,2.9159998893737793,0.10000000149011612,0.18000000715255737,0.20000000298023224,0.4000000059604645,0.25,0.8999999761581421,0.0,1.1360000371932983,-0.25
144,2.3359999656677246,0.10000000149011612,0.07999999821186066,0.20000000298023224,0.4000000059604645,0.25,0.8999999761581421,0.0,0.656000018119812,-0.25
145,2.5657498836517334,0.10000000149011612,0.08624999970197678,0.20000000298023224,0.4000000059604645,0.17499999701976776,0.8999999761581421,0.0,0.7045000195503235,0.0
146,2.3580000400543213,0.10000000149011612,0.07000000029802322,0.20000000298023224,0.4000000059604645,0.25,0.8999999761581421,0.0,0.6880000233650208,-0.25
147,2.539750099182129,0.10000000149011612,0.09874999523162842,0.20000000298023224,0.4000000059604645,0.10000000149011612,0.8999999761581421,0.0,0.7410000562667847,0.0
148,2.746500015258789,0.10000000149011612,0.11249999701976776,0.20000000298023224,0.4000000059604645,0.25,0.8999999761581421,0.0,0.7839999794960022,0.0
149,2.054499864578247,0.03750000149011612,0.10374999791383743,0.11249999701976776,0.3125,0.21875,0.7374999523162842,-0.03750000149011612,0.8195000290870667,-0.25
150,2.746500015258789,0.10000000149011612,0.11249999701976776,0.20000000298023224,0.4000000059604645,0.25,0.8999999761581421,0.0,0.7839999794960022,0.0
151,1.745499849319458,0.10000000149011612,0.10249999910593033,0.20000000298023224,0.0625000074505806,0.13750000298023224,0.5249999761581421,0.0,0.6180000305175781,0.0
152,2.738999843597412,0.10000000149011612,0.10500000417232513,0.20000000298023224,0.4000000059604645,0.25,0.8999999761581421,0.0,0.7839999794960022,0.0
153,2.3580000400543213,0.10000000149011612,0.07000000029802322,0.20000000298023224,0.4000000059604645,0.25,0.8999999761581421,0.0,0.6880000233650208,-0.25
154,2.3580000400543213,0.10000000149011612,0.07000000029802322,0.20000000298023224,0.4000000059604645,0.25,0.8999999761581421,0.0,0.6880000233650208,-0.25
155,1.3179999589920044,0.10000000149011612,0.07999999821186066,0.20000000298023224,-0.04999999701976776,0.10000000149011612,0.3999999761581421,0.0,0.4880000054836273,0.0
156,2.736499786376953,0.10000000149011612,0.10250000655651093,0.20000000298023224,0.4000000059604645,0.25,0.8999999761581421,0.0,0.7839999794960022,0.0
157,2.3999998569488525,0.10000000149011612,0.07999999821186066,0.20000000298023224,0.4000000059604645,0.25,0.8999999761581421,0.0,0.7200000286102295,-0.25
158,2.797999858856201,0.10000000149011612,0.1899999976158142,0.20000000298023224,0.4000000059604645,0.25,0.8999999761581421,0.0,1.0080000162124634,-0.25
159,2.032249927520752,0.03750000149011612,0.027499999850988388,0.11249999701976776,0.3125,0.21875,0.7374999523162842,-0.03750000149011612,0.6234999895095825,0.0
160,2.24399995803833,0.10000000149011612,0.019999999552965164,0.20000000298023224,0.4000000059604645,0.25,0.8999999761581421,0.0,0.6240000128746033,-0.25
161,2.4839999675750732,0.10000000149011612,0.10000000149011612,0.20000000298023224,0.4000000059604645,0.25,0.8999999761581421,0.0,0.7839999794960022,-0.25
162,1.3179999589920044,0.10000000149011612,0.07999999821186066,0.20000000298023224,-0.04999999701976776,0.10000000149011612,0.3999999761581421,0.0,0.4880000054836273,0.0
163,2.797999858856201,0.10000000149011612,0.1899999976158142,0.20000000298023224,0.4000000059604645,0.25,0.8999999761581421,0.0,1.0080000162124634,-0.25
164,2.746500015258789,0.10000000149011612,0.11249999701976776,0.20000000298023224,0.4000000059604645,0.25,0.8999999761581421,0.0,0.7839999794960022,0.0
165,1.7740000486373901,0.10000000149011612,0.0925000011920929,0.05000000074505806,0.23750001192092896,0.25,0.5499999523162842,0.0,0.49399998784065247,0.0
166,1.4587500095367432,0.10000000149011612,0.0037499996833503246,0.20000000298023224,0.0625000074505806,0.13750000298023224,0.5249999761581421,0.0,0.4300000071525574,0.0
167,2.4839999675750732,0.10000000149011612,0.10000000149011612,0.20000000298023224,0.4000000059604645,0.25,0.8999999761581421,0.0,0.7839999794960022,-0.25
168,2.366999864578247,0.10000000149011612,0.09125000238418579,0.20000000298023224,0.3062500059604645,0.21250000596046448,0.7749999761581421,0.0,0.6819999814033508,0.0
169,2.809999704360962,0.10000000149011612,0.17000000178813934,0.20000000298023224,0.4000000059604645,0.25,0.8999999761581421,0.0,1.0399999618530273,-0.25
170,2.3580000400543213,0.10000000149011612,0.07000000029802322,0.20000000298023224,0.4000000059604645,0.25,0.8999999761581421,0.0,0.6880000233650208,-0.25
171,2.749000072479248,0.10000000149011612,0.11499999463558197,0.20000000298023224,0.4000000059604645,0.25,0.8999999761581421,0.0,0.7839999794960022,0.0
172,1.6979999542236328,0.10000000149011612,0.125,-0.02499999850988388,0.17500001192092896,0.17499999701976776,0.5499999523162842,0.0,0.5979999899864197,0.0
173,2.797999858856201,0.10000000149011612,0.1899999976158142,0.20000000298023224,0.4000000059604645,0.25,0.8999999761581421,0.0,1.0080000162124634,-0.25
174,2.3580000400543213,0.10000000149011612,0.07000000029802322,0.20000000298023224,0.4000000059604645,0.25,0.8999999761581421,0.0,0.6880000233650208,-0.25
175,2.873999834060669,0.10000000149011612,0.17000000178813934,0.20000000298023224,0.4000000059604645,0.25,0.8999999761581421,0.0,1.1039999723434448,-0.25
176,2.74399995803833,0.10000000149011612,0.10999999940395355,0.20000000298023224,0.4000000059604645,0.25,0.8999999761581421,0.0,0.7839999794960022,0.0
177,2.636749744415283,0.10000000149011612,0.16499999165534973,0.20000000298023224,0.3062500059604645,0.21250000596046448,0.7749999761581421,0.0,0.878000020980835,0.0
178,2.746500015258789,0.10000000149011612,0.11249999701976776,0.20000000298023224,0.4000000059604645,0.25,0.8999999761581421,0.0,0.7839999794960022,0.0
179,2.7090001106262207,0.10000000149011612,0.07500000298023224,0.20000000298023224,0.4000000059604645,0.25,0.8999999761581421,0.0,0.7839999794960022,0.0
180,2.369999885559082,0.10000000149011612,0.05000000074505806,0.20000000298023224,0.4000000059604645,0.25,0.8999999761581421,0.0,0.7200000286102295,-0.25
181,2.7164998054504395,0.10000000149011612,0.08249999582767487,0.20000000298023224,0.4000000059604645,0.25,0.8999999761581421,0.0,0.7839999794960022,0.0
182,2.3999998569488525,0.10000000149011612,0.07999999821186066,0.20000000298023224,0.4000000059604645,0.25,0.8999999761581421,0.0,0.7200000286102295,-0.25
183,2.4839999675750732,0.10000000149011612,0.10000000149011612,0.20000000298023224,0.4000000059604645,0.25,0.8999999761581421,0.0,0.7839999794960022,-0.25
184,2.172999858856201,0.10000000149011612,0.125,0.20000000298023224,0.17500001192092896,0.17499999701976776,0.6499999761581421,0.0,0.7480000257492065,0.0
185,2.738999843597412,0.10000000149011612,0.10500000417232513,0.20000000298023224,0.4000000059604645,0.25,0.8999999761581421,0.0,0.7839999794960022,0.0
186,2.3359999656677246,0.10000000149011612,0.07999999821186066,0.20000000298023224,0.4000000059604645,0.25,0.8999999761581421,0.0,0.656000018119812,-0.25
187,2.741499900817871,0.10000000149011612,0.10750000178813934,0.20000000298023224,0.4000000059604645,0.25,0.8999999761581421,0.0,0.7839999794960022,0.0
188,2.369999885559082,0.10000000149011612,0.05000000074505806,0.20000000298023224,0.4000000059604645,0.25,0.8999999761581421,0.0,0.7200000286102295,-0.25
189,0.8357499837875366,0.10000000149011612,0.061250001192092896,0.20000000298023224,-0.16249999403953552,-0.012499998323619366,0.2749999761581421,0.0,0.37450000643730164,0.0
190,2.503999948501587,0.10000000149011612,0.11999999731779099,0.20000000298023224,0.4000000059604645,0.25,0.8999999761581421,0.0,0.7839999794960022,-0.25
191,2.749000072479248,0.10000000149011612,0.11499999463558197,0.20000000298023224,0.4000000059604645,0.25,0.8999999761581421,0.0,0.7839999794960022,0.0
192,2.80049991607666,0.10000000149011612,0.10250000655651093,0.20000000298023224,0.4000000059604645,0.25,0.8999999761581421,0.0,0.8479999899864197,0.0
193,-1.8860000371932983,0.10000000149011612,0.0,-0.4000000059604645,-0.25,-0.05000000074505806,-0.5,0.0,-0.5360000133514404,-0.25
194,2.2689998149871826,0.10000000149011612,0.125,0.20000000298023224,0.17500001192092896,0.17499999701976776,0.6499999761581421,0.0,0.843999981880188,0.0
195,2.939000129699707,0.10000000149011612,0.14500001072883606,0.20000000298023224,0.4000000059604645,0.25,0.8999999761581421,0.0,0.9440000057220459,0.0
196,2.610499858856201,0.10000000149011612,0.07250000536441803,0.20000000298023224,0.4000000059604645,0.25,0.8999999761581421,0.0,0.6880000233650208,0.0
197,2.8994998931884766,0.10000000149011612,0.13749998807907104,0.20000000298023224,0.4000000059604645,0.25,0.8999999761581421,0.0,0.9120000004768372,0.0
198,2.797999858856201,0.10000000149011612,0.1899999976158142,0.20000000298023224,0.4000000059604645,0.25,0.8999999761581421,0.0,1.0080000162124634,-0.25
199,-1.9800000190734863,0.10000000149011612,-0.029999999329447746,-0.699999988079071,-0.25,0.25,-0.5,0.0,-0.6000000238418579,-0.25
200,1.6694999933242798,0.03750000149011612,-0.001250002533197403,0.11249999701976776,0.3125,0.21875,0.7374999523162842,-0.03750000149011612,0.5394999980926514,-0.25
201,1.2230000495910645,0.10000000149011612,0.13249999284744263,-0.13750000298023224,0.0625000074505806,0.13750000298023224,0.3749999701976776,0.0,0.5529999732971191,0.0
202,2.0447499752044678,0.03750000149011612,0.03999999910593033,0.11249999701976776,0.3125,0.21875,0.7374999523162842,-0.03750000149011612,0.6234999895095825,0.0
203,2.503999948501587,0.10000000149011612,0.11999999731779099,0.20000000298023224,0.4000000059604645,0.25,0.8999999761581421,0.0,0.7839999794960022,-0.25
204,2.2689998149871826,0.10000000149011612,0.125,0.20000000298023224,0.17500001192092896,0.17499999701976776,0.6499999761581421,0.0,0.843999981880188,0.0
205,2.3580000400543213,0.10000000149011612,0.07000000029802322,0.20000000298023224,0.4000000059604645,0.25,0.8999999761581421,0.0,0.6880000233650208,-0.25
206,-0.33075007796287537,0.10000000149011612,0.044999998062849045,-0.36250001192092896,-0.11874999850988388,0.21250000596046448,-0.10000000894069672,0.0,-0.10700000822544098,0.0
207,2.3359999656677246,0.10000000149011612,0.07999999821186066,0.20000000298023224,0.4000000059604645,0.25,0.8999999761581421,0.0,0.656000018119812,-0.25
208,2.503999948501587,0.10000000149011612,0.11999999731779099,0.20000000298023224,0.4000000059604645,0.25,0.8999999761581421,0.0,0.7839999794960022,-0.25
209,2.189499855041504,0.10000000149011612,0.10124999284744263,0.08750000596046448,0.3187500238418579,0.25,0.7249999642372131,0.0,0.6069999933242798,0.0
210,1.9254999160766602,0.10000000149011612,0.12250000238418579,0.20000000298023224,0.0625000074505806,0.13750000298023224,0.5249999761581421,0.0,0.777999997138977,0.0
211,2.3359999656677246,0.10000000149011612,0.07999999821186066,0.20000000298023224,0.4000000059604645,0.25,0.8999999761581421,0.0,0.656000018119812,-0.25
212,2.3580000400543213,0.10000000149011612,0.07000000029802322,0.20000000298023224,0.4000000059604645,0.25,0.8999999761581421,0.0,0.6880000233650208,-0.25
213,2.6004998683929443,0.10000000149011612,0.14750000834465027,0.20000000298023224,0.2875000238418579,0.21250000596046448,0.7749999761581421,0.0,0.878000020980835,0.0
214,2.9779999256134033,0.10000000149011612,0.20999999344348907,0.20000000298023224,0.4000000059604645,0.25,0.8999999761581421,0.0,1.1679999828338623,-0.25
215,2.9240000247955322,0.10000000149011612,0.2199999988079071,0.20000000298023224,0.4000000059604645,0.25,0.8999999761581421,0.0,1.1039999723434448,-0.25
216,2.749000072479248,0.10000000149011612,0.11499999463558197,0.20000000298023224,0.4000000059604645,0.25,0.8999999761581421,0.0,0.7839999794960022,0.0
217,2.503999948501587,0.10000000149011612,0.11999999731779099,0.20000000298023224,0.4000000059604645,0.25,0.8999999761581421,0.0,0.7839999794960022,-0.25
218,2.4839999675750732,0.10000000149011612,0.10000000149011612,0.20000000298023224,0.4000000059604645,0.25,0.8999999761581421,0.0,0.7839999794960022,-0.25
219,2.751500129699707,0.10000000149011612,0.11749999225139618,0.20000000298023224,0.4000000059604645,0.25,0.8999999761581421,0.0,0.7839999794960022,0.0
220,2.2689998149871826,0.10000000149011612,0.125,0.20000000298023224,0.17500001192092896,0.17499999701976776,0.6499999761581421,0.0,0.843999981880188,0.0
221,1.7972499132156372,0.03750000149011612,0.04249999672174454,0.11249999701976776,0.3125,0.21875,0.7374999523162842,-0.03750000149011612,0.6234999895095825,-0.25
222,2.3359999656677246,0.10000000149011612,0.07999999821186066,0.20000000298023224,0.4000000059604645,0.25,0.8999999761581421,0.0,0.656000018119812,-0.25
223,2.751500129699707,0.10000000149011612,0.11749999225139618,0.20000000298023224,0.4000000059604645,0.25,0.8999999761581421,0.0,0.7839999794960022,0.0
224,2.7804999351501465,0.10000000149011612,0.16749998927116394,0.20000000298023224,0.2875000238418579,0.21250000596046448,0.7749999761581421,0.0,1.0379999876022339,0.0
225,2.3580000400543213,0.10000000149011612,0.07000000029802322,0.20000000298023224,0.4000000059604645,0.25,0.8999999761581421,0.0,0.6880000233650208,-0.25
226,2.6519999504089355,0.10000000149011612,0.14000000059604645,0.20000000298023224,0.4000000059604645,0.25,0.8999999761581421,0.0,0.9120000004768372,-0.25
227,2.797999858856201,0.10000000149011612,0.1899999976158142,0.20000000298023224,0.4000000059604645,0.25,0.8999999761581421,0.0,1.0080000162124634,-0.25
228,2.3580000400543213,0.10000000149011612,0.07000000029802322,0.20000000298023224,0.4000000059604645,0.25,0.8999999761581421,0.0,0.6880000233650208,-0.25
229,2.503999948501587,0.10000000149011612,0.11999999731779099,0.20000000298023224,0.4000000059604645,0.25,0.8999999761581421,0.0,0.7839999794960022,-0.25
230,2.3580000400543213,0.10000000149011612,0.07000000029802322,0.20000000298023224,0.4000000059604645,0.25,0.8999999761581421,0.0,0.6880000233650208,-0.25
231,-1.63100004196167,0.10000000149011612,0.004999999888241291,-0.4000000059604645,-0.25,-0.05000000074505806,-0.5,0.0,-0.5360000133514404,0.0
232,2.8449997901916504,0.10000000149011612,0.11499999463558197,0.20000000298023224,0.4000000059604645,0.25,0.8999999761581421,0.0,0.8799999952316284,0.0
233,2.809999704360962,0.10000000149011612,0.17000000178813934,0.20000000298023224,0.4000000059604645,0.25,0.8999999761581421,0.0,1.0399999618530273,-0.25
234,2.3580000400543213,0.10000000149011612,0.07000000029802322,0.20000000298023224,0.4000000059604645,0.25,0.8999999761581421,0.0,0.6880000233650208,-0.25
235,2.4839999675750732,0.10000000149011612,0.10000000149011612,0.20000000298023224,0.4000000059604645,0.25,0.8999999761581421,0.0,0.7839999794960022,-0.25
236,2.9287500381469727,0.10000000149011612,0.16124999523162842,0.20000000298023224,0.4000000059604645,0.17499999701976776,0.8999999761581421,0.0,0.9925000071525574,0.0
237,1.023749828338623,0.10000000149011612,0.054999999701976776,-0.13750000298023224,0.15625,0.25,0.3749999701976776,0.0,0.22500000894069672,0.0
238,2.3359999656677246,0.10000000149011612,0.07999999821186066,0.20000000298023224,0.4000000059604645,0.25,0.8999999761581421,0.0,0.656000018119812,-0.25
239,2.751500129699707,0.10000000149011612,0.11749999225139618,0.20000000298023224,0.4000000059604645,0.25,0.8999999761581421,0.0,0.7839999794960022,0.0
240,2.170499801635742,0.10000000149011612,0.12250000238418579,0.20000000298023224,0.17500001192092896,0.17499999701976776,0.6499999761581421,0.0,0.7480000257492065,0.0
241,2.503999948501587,0.10000000149011612,0.11999999731779099,0.20000000298023224,0.4000000059604645,0.25,0.8999999761581421,0.0,0.7839999794960022,-0.25
242,2.3999998569488525,0.10000000149011612,0.07999999821186066,0.20000000298023224,0.4000000059604645,0.25,0.8999999761581421,0.0,0.7200000286102295,-0.25
243,2.503999948501587,0.10000000149011612,0.11999999731779099,0.20000000298023224,0.4000000059604645,0.25,0.8999999761581421,0.0,0.7839999794960022,-0.25
244,-1.9800000190734863,0.10000000149011612,-0.029999999329447746,-0.699999988079071,-0.25,0.25,-0.5,0.0,-0.6000000238418579,-0.25
245,2.503999948501587,0.10000000149011612,0.11999999731779099,0.20000000298023224,0.4000000059604645,0.25,0.8999999761581421,0.0,0.7839999794960022,-0.25
246,1.4132499694824219,0.03750000149011612,-0.011250000447034836,0.03750000149011612,0.23125000298023224,0.21875,0.5625,-0.03750000149011612,0.37450000643730164,0.0
247,2.4739999771118164,0.10000000149011612,0.09000000357627869,0.20000000298023224,0.4000000059604645,0.25,0.8999999761581421,0.0,0.7839999794960022,-0.25
248,2.3359999656677246,0.10000000149011612,0.07999999821186066,0.20000000298023224,0.4000000059604645,0.25,0.8999999761581421,0.0,0.656000018119812,-0.25
249,2.797999858856201,0.10000000149011612,0.1899999976158142,0.20000000298023224,0.4000000059604645,0.25,0.8999999761581421,0.0,1.0080000162124634,-0.25
250,2.369999885559082,0.10000000149011612,0.05000000074505806,0.20000000298023224,0.4000000059604645,0.25,0.8999999761581421,0.0,0.7200000286102295,-0.25
251,2.2689998149871826,0.10000000149011612,0.125,0.20000000298023224,0.17500001192092896,0.17499999701976776,0.6499999761581421,0.0,0.843999981880188,0.0
252,1.3179999589920044,0.10000000149011612,0.07999999821186066,0.20000000298023224,-0.04999999701976776,0.10000000149011612,0.3999999761581421,0.0,0.4880000054836273,0.0
253,2.797999858856201,0.10000000149011612,0.1899999976158142,0.20000000298023224,0.4000000059604645,0.25,0.8999999761581421,0.0,1.0080000162124634,-0.25
254,1.9179999828338623,0.03750000149011612,0.051249995827674866,0.11249999701976776,0.3125,0.21875,0.7374999523162842,-0.03750000149011612,0.7354999780654907,-0.25
255,2.797999858856201,0.10000000149011612,0.1899999976158142,0.20000000298023224,0.4000000059604645,0.25,0.8999999761581421,0.0,1.0080000162124634,-0.25
256,1.7454999685287476,0.10000000149011612,0.10249999910593033,0.20000000298023224,0.0625,0.13750000298023224,0.5249999761581421,0.0,0.6180000305175781,0.0
257,-0.8902500867843628,0.10000000149011612,0.03124999813735485,-0.4749999940395355,-0.20000000298023224,0.21250000596046448,-0.2750000059604645,0.0,-0.2840000092983246,0.0
258,2.797999858856201,0.10000000149011612,0.1899999976158142,0.20000000298023224,0.4000000059604645,0.25,0.8999999761581421,0.0,1.0080000162124634,-0.25
259,2.797999858856201,0.10000000149011612,0.1899999976158142,0.20000000298023224,0.4000000059604645,0.25,0.8999999761581421,0.0,1.0080000162124634,-0.25
260,2.5457499027252197,0.10000000149011612,0.15125000476837158,0.20000000298023224,0.2875000238418579,0.13750000298023224,0.7749999761581421,0.0,0.8945000171661377,0.0
261,2.3999998569488525,0.10000000149011612,0.07999999821186066,0.20000000298023224,0.4000000059604645,0.25,0.8999999761581421,0.0,0.7200000286102295,-0.25
262,2.80049991607666,0.10000000149011612,0.10250000655651093,0.20000000298023224,0.4000000059604645,0.25,0.8999999761581421,0.0,0.8479999899864197,0.0
263,-0.18525001406669617,0.10000000149011612,0.034999996423721313,-0.17499999701976776,-0.11875000596046448,0.21250000596046448,-0.10000000894069672,0.0,-0.13900001347064972,0.0
264,2.797999858856201,0.10000000149011612,0.1899999976158142,0.20000000298023224,0.4000000059604645,0.25,0.8999999761581421,0.0,1.0080000162124634,-0.25
265,2.36299991607666,0.10000000149011612,0.14750000834465027,0.08750000596046448,0.2875000238418579,0.21250000596046448,0.7249999642372131,0.0,0.8029999732971191,0.0
266,2.751500129699707,0.10000000149011612,0.11749999225139618,0.20000000298023224,0.4000000059604645,0.25,0.8999999761581421,0.0,0.7839999794960022,0.0
267,2.2944998741149902,0.10000000149011612,0.07874999940395355,0.20000000298023224,0.3062500059604645,0.21250000596046448,0.7749999761581421,0.0,0.621999979019165,0.0
268,2.9779999256134033,0.10000000149011612,0.20999999344348907,0.20000000298023224,0.4000000059604645,0.25,0.8999999761581421,0.0,1.1679999828338623,-0.25
269,2.189499855041504,0.10000000149011612,0.10124999284744263,0.08750000596046448,0.3187500238418579,0.25,0.7249999642372131,0.0,0.6069999933242798,0.0
270,2.054499864578247,0.03750000149011612,0.10374999791383743,0.11249999701976776,0.3125,0.21875,0.7374999523162842,-0.03750000149011612,0.8195000290870667,-0.25
271,2.9240000247955322,0.10000000149011612,0.2199999988079071,0.20000000298023224,0.4000000059604645,0.25,0.8999999761581421,0.0,1.1039999723434448,-0.25
272,2.3359999656677246,0.10000000149011612,0.07999999821186066,0.20000000298023224,0.4000000059604645,0.25,0.8999999761581421,0.0,0.656000018119812,-0.25
273,2.172999858856201,0.10000000149011612,0.125,0.20000000298023224,0.17500001192092896,0.17499999701976776,0.6499999761581421,0.0,0.7480000257492065,0.0
274,2.545750141143799,0.10000000149011612,0.1287500113248825,0.20000000298023224,0.2875000238418579,0.21250000596046448,0.7749999761581421,0.0,0.8420000076293945,0.0
275,2.503999948501587,0.10000000149011612,0.11999999731779099,0.20000000298023224,0.4000000059604645,0.25,0.8999999761581421,0.0,0.7839999794960022,-0.25
276,2.9159998893737793,0.10000000149011612,0.18000000715255737,0.20000000298023224,0.4000000059604645,0.25,0.8999999761581421,0.0,1.1360000371932983,-0.25
277,2.2304999828338623,0.10000000149011612,0.057500001043081284,0.20000000298023224,0.2875000238418579,0.21250000596046448,0.7749999761581421,0.0,0.5980000495910645,0.0
278,2.353250026702881,0.10000000149011612,0.09624999761581421,0.20000000298023224,0.2875000238418579,0.21250000596046448,0.7749999761581421,0.0,0.6819999814033508,0.0
279,2.746500015258789,0.10000000149011612,0.11249999701976776,0.20000000298023224,0.4000000059604645,0.25,0.8999999761581421,0.0,0.7839999794960022,0.0
280,1.7882499694824219,0.03750000149011612,0.09000000357627869,0.0,0.20000000298023224,0.18125000596046448,0.5625,-0.03750000149011612,0.7544999718666077,0.0
281,2.797999858856201,0.10000000149011612,0.1899999976158142,0.20000000298023224,0.4000000059604645,0.25,0.8999999761581421,0.0,1.0080000162124634,-0.25
282,2.266249895095825,0.10000000149011612,0.042500000447034836,0.20000000298023224,0.3062500059604645,0.21250000596046448,0.7749999761581421,0.0,0.6299999952316284,0.0
283,2.749000072479248,0.10000000149011612,0.11499999463558197,0.20000000298023224,0.4000000059604645,0.25,0.8999999761581421,0.0,0.7839999794960022,0.0
284,2.3359999656677246,0.10000000149011612,0.07999999821186066,0.20000000298023224,0.4000000059604645,0.25,0.8999999761581421,0.0,0.656000018119812,-0.25
285,2.3359999656677246,0.10000000149011612,0.07999999821186066,0.20000000298023224,0.4000000059604645,0.25,0.8999999761581421,0.0,0.656000018119812,-0.25
286,2.8424997329711914,0.10000000149011612,0.11249999701976776,0.20000000298023224,0.4000000059604645,0.25,0.8999999761581421,0.0,0.8799999952316284,0.0
287,2.2689998149871826,0.10000000149011612,0.125,0.20000000298023224,0.17500001192092896,0.17499999701976776,0.6499999761581421,0.0,0.843999981880188,0.0
288,2.4739999771118164,0.10000000149011612,0.09000000357627869,0.20000000298023224,0.4000000059604645,0.25,0.8999999761581421,0.0,0.7839999794960022,-0.25
289,1.4587500095367432,0.10000000149011612,0.0037499996833503246,0.20000000298023224,0.0625000074505806,0.13750000298023224,0.5249999761581421,0.0,0.4300000071525574,0.0
290,2.8399999141693115,0.10000000149011612,0.20000000298023224,0.20000000298023224,0.4000000059604645,0.25,0.8999999761581421,0.0,1.0399999618530273,-0.25
291,1.65024995803833,0.03750000149011612,0.007499996572732925,0.11249999701976776,0.3125,0.21875,0.7374999523162842,-0.03750000149011612,0.5115000009536743,-0.25
292,2.172999858856201,0.10000000149011612,0.125,0.20000000298023224,0.17500001192092896,0.17499999701976776,0.6499999761581421,0.0,0.7480000257492065,0.0
293,2.503999948501587,0.10000000149011612,0.11999999731779099,0.20000000298023224,0.4000000059604645,0.25,0.8999999761581421,0.0,0.7839999794960022,-0.25
294,2.3359999656677246,0.10000000149011612,0.07999999821186066,0.20000000298023224,0.4000000059604645,0.25,0.8999999761581421,0.0,0.656000018119812,-0.25
295,2.7265000343322754,0.10000000149011612,0.17750000953674316,0.20000000298023224,0.2875000238418579,0.21250000596046448,0.7749999761581421,0.0,0.9739999771118164,0.0
296,2.751500129699707,0.10000000149011612,0.11749999225139618,0.20000000298023224,0.4000000059604645,0.25,0.8999999761581421,0.0,0.7839999794960022,0.0
297,2.3580000400543213,0.10000000149011612,0.07000000029802322,0.20000000298023224,0.4000000059604645,0.25,0.8999999761581421,0.0,0.6880000233650208,-0.25
298,2.873999834060669,0.10000000149011612,0.17000000178813934,0.20000000298023224,0.4000000059604645,0.25,0.8999999761581421,0.0,1.1039999723434448,-0.25
299,2.503999948501587,0.10000000149011612,0.11999999731779099,0.20000000298023224,0.4000000059604645,0.25,0.8999999761581421,0.0,0.7839999794960022,-0.25
300,2.503999948501587,0.10000000149011612,0.11999999731779099,0.20000000298023224,0.4000000059604645,0.25,0.8999999761581421,0.0,0.7839999794960022,-0.25
